match_id,game_id,team,score_team,opponent,score_opp,win_lose,map,map_pick
53658,119512,ZETA,5,DRX,13,opponent win,Ascent,opponent pick
53658,119512,DRX,13,ZETA,5,team win,Ascent,team pick
53658,119513,ZETA,5,DRX,13,opponent win,Pearl,team pick
53658,119513,DRX,13,ZETA,5,team win,Pearl,opponent pick
53659,119515,T1,13,GE,8,team win,Pearl,opponent pick
53659,119515,GE,8,T1,13,opponent win,Pearl,team pick
53659,119516,T1,4,GE,13,opponent win,Haven,team pick
53659,119516,GE,13,T1,4,team win,Haven,opponent pick
53659,119517,T1,13,GE,7,team win,Lotus,opponent pick
53659,119517,GE,7,T1,13,opponent win,Lotus,opponent pick
53660,119518,PRX,13,DFM,5,team win,Pearl,team pick
53660,119518,DFM,5,PRX,13,opponent win,Pearl,opponent pick
53660,119519,PRX,13,DFM,11,team win,Lotus,opponent pick
53660,119519,DFM,11,PRX,13,opponent win,Lotus,team pick
53661,119521,TS,13,TLN,5,team win,Ascent,opponent pick
53661,119521,TLN,5,TS,13,opponent win,Ascent,team pick
53661,119522,TS,8,TLN,13,opponent win,Icebox,team pick
53661,119522,TLN,13,TS,8,team win,Icebox,opponent pick
53661,119523,TS,13,TLN,3,team win,Fracture,opponent pick
53661,119523,TLN,3,TS,13,opponent win,Fracture,opponent pick
53662,119524,RRQ,9,GEN,13,opponent win,Fracture,opponent pick
53662,119524,GEN,13,RRQ,9,team win,Fracture,team pick
53662,119525,RRQ,6,GEN,13,opponent win,Lotus,team pick
53662,119525,GEN,13,RRQ,6,team win,Lotus,opponent pick
53663,119527,ZETA,10,RRQ,13,opponent win,Haven,team pick
53663,119527,RRQ,13,ZETA,10,team win,Haven,opponent pick
53663,119528,ZETA,13,RRQ,10,team win,Ascent,opponent pick
53663,119528,RRQ,10,ZETA,13,opponent win,Ascent,team pick
53663,119529,ZETA,13,RRQ,5,team win,Lotus,opponent pick
53663,119529,RRQ,5,ZETA,13,opponent win,Lotus,opponent pick
53664,119530,TLN,8,T1,13,opponent win,Ascent,opponent pick
53664,119530,T1,13,TLN,8,team win,Ascent,team pick
53664,119531,TLN,6,T1,13,opponent win,Haven,team pick
53664,119531,T1,13,TLN,6,team win,Haven,opponent pick
53665,119533,TS,11,PRX,13,opponent win,Haven,team pick
53665,119533,PRX,13,TS,11,team win,Haven,opponent pick
53665,119534,TS,13,PRX,11,team win,Fracture,opponent pick
53665,119534,PRX,11,TS,13,opponent win,Fracture,team pick
53665,119535,TS,13,PRX,10,team win,Split,opponent pick
53665,119535,PRX,10,TS,13,opponent win,Split,opponent pick
53666,119536,GEN,13,DFM,8,team win,Lotus,opponent pick
53666,119536,DFM,8,GEN,13,opponent win,Lotus,team pick
53666,119537,GEN,4,DFM,13,opponent win,Fracture,team pick
53666,119537,DFM,13,GEN,4,team win,Fracture,opponent pick
53666,119538,GEN,13,DFM,8,team win,Pearl,opponent pick
53666,119538,DFM,8,GEN,13,opponent win,Pearl,opponent pick
53667,119539,GE,11,DRX,13,opponent win,Haven,opponent pick
53667,119539,DRX,13,GE,11,team win,Haven,team pick
53667,119540,GE,15,DRX,17,opponent win,Split,team pick
53667,119540,DRX,17,GE,15,team win,Split,opponent pick
53668,119542,RRQ,13,DFM,4,team win,Haven,team pick
53668,119542,DFM,4,RRQ,13,opponent win,Haven,opponent pick
53668,119543,RRQ,13,DFM,7,team win,Pearl,opponent pick
53668,119543,DFM,7,RRQ,13,opponent win,Pearl,team pick
53669,119545,T1,3,PRX,13,opponent win,Pearl,team pick
53669,119545,PRX,13,T1,3,team win,Pearl,opponent pick
53669,119546,T1,6,PRX,13,opponent win,Fracture,opponent pick
53669,119546,PRX,13,T1,6,team win,Fracture,team pick
53670,119548,ZETA,9,GE,13,opponent win,Pearl,opponent pick
53670,119548,GE,13,ZETA,9,team win,Pearl,team pick
53670,119549,ZETA,14,GE,12,team win,Ascent,team pick
53670,119549,GE,12,ZETA,14,opponent win,Ascent,opponent pick
53670,119550,ZETA,13,GE,8,team win,Haven,opponent pick
53670,119550,GE,8,ZETA,13,opponent win,Haven,opponent pick
53671,119551,TLN,3,DRX,13,opponent win,Split,team pick
53671,119551,DRX,13,TLN,3,team win,Split,opponent pick
53671,119552,TLN,10,DRX,13,opponent win,Pearl,opponent pick
53671,119552,DRX,13,TLN,10,team win,Pearl,team pick
53672,119554,TS,8,GEN,13,opponent win,Haven,opponent pick
53672,119554,GEN,13,TS,8,team win,Haven,team pick
53672,119555,TS,11,GEN,13,opponent win,Fracture,team pick
53672,119555,GEN,13,TS,11,team win,Fracture,opponent pick
53673,119557,PRX,5,DRX,13,opponent win,Ascent,opponent pick
53673,119557,DRX,13,PRX,5,team win,Ascent,team pick
53673,119558,PRX,10,DRX,13,opponent win,Split,team pick
53673,119558,DRX,13,PRX,10,team win,Split,opponent pick
53674,119560,TS,10,RRQ,13,opponent win,Icebox,team pick
53674,119560,RRQ,13,TS,10,team win,Icebox,opponent pick
53674,119561,TS,7,RRQ,13,opponent win,Split,opponent pick
53674,119561,RRQ,13,TS,7,team win,Split,team pick
53675,119563,T1,5,GEN,13,opponent win,Ascent,team pick
53675,119563,GEN,13,T1,5,team win,Ascent,opponent pick
53675,119564,T1,5,GEN,13,opponent win,Haven,opponent pick
53675,119564,GEN,13,T1,5,team win,Haven,team pick
53676,119566,ZETA,13,DFM,9,team win,Ascent,team pick
53676,119566,DFM,9,ZETA,13,opponent win,Ascent,opponent pick
53676,119567,ZETA,13,DFM,5,team win,Haven,opponent pick
53676,119567,DFM,5,ZETA,13,opponent win,Haven,team pick
53677,119569,TLN,6,GE,13,opponent win,Split,opponent pick
53677,119569,GE,13,TLN,6,team win,Split,team pick
53677,119570,TLN,11,GE,13,opponent win,Icebox,team pick
53677,119570,GE,13,TLN,11,team win,Icebox,opponent pick
53678,119572,PRX,7,GE,13,opponent win,Icebox,team pick
53678,119572,GE,13,PRX,7,team win,Icebox,opponent pick
53678,119573,PRX,13,GE,6,team win,Split,opponent pick
53678,119573,GE,6,PRX,13,opponent win,Split,team pick
53678,119574,PRX,13,GE,7,team win,Pearl,opponent pick
53678,119574,GE,7,PRX,13,opponent win,Pearl,opponent pick
53679,119575,GEN,7,DRX,13,opponent win,Haven,team pick
53679,119575,DRX,13,GEN,7,team win,Haven,opponent pick
53679,119576,GEN,13,DRX,10,team win,Fracture,opponent pick
53679,119576,DRX,10,GEN,13,opponent win,Fracture,team pick
53679,119577,GEN,4,DRX,13,opponent win,Pearl,opponent pick
53679,119577,DRX,13,GEN,4,team win,Pearl,opponent pick
53680,119578,T1,13,RRQ,9,team win,Haven,opponent pick
53680,119578,RRQ,9,T1,13,opponent win,Haven,team pick
53680,119579,T1,13,RRQ,4,team win,Fracture,team pick
53680,119579,RRQ,4,T1,13,opponent win,Fracture,opponent pick
53681,119581,TS,13,DFM,11,team win,Ascent,opponent pick
53681,119581,DFM,11,TS,13,opponent win,Ascent,team pick
53681,119582,TS,13,DFM,8,team win,Haven,team pick
53681,119582,DFM,8,TS,13,opponent win,Haven,opponent pick
53682,119584,ZETA,8,TLN,13,opponent win,Haven,opponent pick
53682,119584,TLN,13,ZETA,8,team win,Haven,team pick
53682,119585,ZETA,14,TLN,16,opponent win,Ascent,team pick
53682,119585,TLN,16,ZETA,14,team win,Ascent,opponent pick
53683,119587,T1,13,DFM,9,team win,Lotus,team pick
53683,119587,DFM,9,T1,13,opponent win,Lotus,opponent pick
53683,119588,T1,9,DFM,13,opponent win,Split,opponent pick
53683,119588,DFM,13,T1,9,team win,Split,team pick
53683,119589,T1,13,DFM,10,team win,Fracture,opponent pick
53683,119589,DFM,10,T1,13,opponent win,Fracture,opponent pick
53684,119590,ZETA,13,TS,9,team win,Split,team pick
53684,119590,TS,9,ZETA,13,opponent win,Split,opponent pick
53684,119591,ZETA,10,TS,13,opponent win,Lotus,opponent pick
53684,119591,TS,13,ZETA,10,team win,Lotus,team pick
53684,119592,ZETA,13,TS,9,team win,Fracture,opponent pick
53684,119592,TS,9,ZETA,13,opponent win,Fracture,opponent pick
53685,119593,GE,13,GEN,8,team win,Pearl,team pick
53685,119593,GEN,8,GE,13,opponent win,Pearl,opponent pick
53685,119594,GE,13,GEN,8,team win,Lotus,opponent pick
53685,119594,GEN,8,GE,13,opponent win,Lotus,team pick
53686,119596,RRQ,13,DRX,8,team win,Haven,opponent pick
53686,119596,DRX,8,RRQ,13,opponent win,Haven,team pick
53686,119597,RRQ,10,DRX,13,opponent win,Split,team pick
53686,119597,DRX,13,RRQ,10,team win,Split,opponent pick
53686,119598,RRQ,2,DRX,13,opponent win,Pearl,opponent pick
53686,119598,DRX,13,RRQ,2,team win,Pearl,opponent pick
53687,119599,TLN,13,PRX,11,team win,Pearl,team pick
53687,119599,PRX,11,TLN,13,opponent win,Pearl,opponent pick
53687,119600,TLN,4,PRX,13,opponent win,Split,opponent pick
53687,119600,PRX,13,TLN,4,team win,Split,team pick
53687,119601,TLN,10,PRX,13,opponent win,Fracture,opponent pick
53687,119601,PRX,13,TLN,10,team win,Fracture,opponent pick
53688,119602,TLN,13,GEN,8,team win,Fracture,opponent pick
53688,119602,GEN,8,TLN,13,opponent win,Fracture,team pick
53688,119603,TLN,13,GEN,7,team win,Lotus,team pick
53688,119603,GEN,7,TLN,13,opponent win,Lotus,opponent pick
53689,119605,ZETA,6,PRX,13,opponent win,Split,opponent pick
53689,119605,PRX,13,ZETA,6,team win,Split,team pick
53689,119606,ZETA,10,PRX,13,opponent win,Ascent,team pick
53689,119606,PRX,13,ZETA,10,team win,Ascent,opponent pick
53690,119608,RRQ,13,GE,10,team win,Fracture,team pick
53690,119608,GE,10,RRQ,13,opponent win,Fracture,opponent pick
53690,119609,RRQ,13,GE,11,team win,Pearl,opponent pick
53690,119609,GE,11,RRQ,13,opponent win,Pearl,team pick
53691,119611,TS,4,T1,13,opponent win,Lotus,team pick
53691,119611,T1,13,TS,4,team win,Lotus,opponent pick
53691,119612,TS,8,T1,13,opponent win,Bind,opponent pick
53691,119612,T1,13,TS,8,team win,Bind,team pick
53692,119614,DRX,13,DFM,8,team win,Fracture,opponent pick
53692,119614,DFM,8,DRX,13,opponent win,Fracture,team pick
53692,119615,DRX,13,DFM,4,team win,Ascent,team pick
53692,119615,DFM,4,DRX,13,opponent win,Ascent,opponent pick
53693,119617,PRX,13,GEN,7,team win,Split,team pick
53693,119617,GEN,7,PRX,13,opponent win,Split,opponent pick
53693,119618,PRX,13,GEN,2,team win,Ascent,opponent pick
53693,119618,GEN,2,PRX,13,opponent win,Ascent,team pick
53694,119620,ZETA,11,T1,13,opponent win,Fracture,team pick
53694,119620,T1,13,ZETA,11,team win,Fracture,opponent pick
53694,119621,ZETA,13,T1,10,team win,Lotus,opponent pick
53694,119621,T1,10,ZETA,13,opponent win,Lotus,team pick
53694,119622,ZETA,3,T1,13,opponent win,Bind,opponent pick
53694,119622,T1,13,ZETA,3,team win,Bind,opponent pick
53695,119623,TS,13,DRX,8,team win,Haven,team pick
53695,119623,DRX,8,TS,13,opponent win,Haven,opponent pick
53695,119624,TS,13,DRX,11,team win,Ascent,opponent pick
53695,119624,DRX,11,TS,13,opponent win,Ascent,team pick
53696,119626,GE,13,DFM,7,team win,Lotus,opponent pick
53696,119626,DFM,7,GE,13,opponent win,Lotus,team pick
53696,119627,GE,13,DFM,6,team win,Pearl,team pick
53696,119627,DFM,6,GE,13,opponent win,Pearl,opponent pick
53697,119629,TLN,13,RRQ,3,team win,Split,opponent pick
53697,119629,RRQ,3,TLN,13,opponent win,Split,team pick
53697,119630,TLN,4,RRQ,13,opponent win,Ascent,team pick
53697,119630,RRQ,13,TLN,4,team win,Ascent,opponent pick
53697,119631,TLN,7,RRQ,13,opponent win,Haven,opponent pick
53697,119631,RRQ,13,TLN,7,team win,Haven,opponent pick
53698,119632,ZETA,13,GEN,8,team win,Haven,opponent pick
53698,119632,GEN,8,ZETA,13,opponent win,Haven,team pick
53698,119633,ZETA,4,GEN,13,opponent win,Ascent,team pick
53698,119633,GEN,13,ZETA,4,team win,Ascent,opponent pick
53698,119634,ZETA,13,GEN,4,team win,Fracture,opponent pick
53698,119634,GEN,4,ZETA,13,opponent win,Fracture,opponent pick
53699,119635,T1,10,DRX,13,opponent win,Bind,team pick
53699,119635,DRX,13,T1,10,team win,Bind,opponent pick
53699,119636,T1,9,DRX,13,opponent win,Pearl,opponent pick
53699,119636,DRX,13,T1,9,team win,Pearl,team pick
53700,119638,TS,13,GE,9,team win,Haven,team pick
53700,119638,GE,9,TS,13,opponent win,Haven,opponent pick
53700,119639,TS,13,GE,10,team win,Lotus,opponent pick
53700,119639,GE,10,TS,13,opponent win,Lotus,team pick
53701,119641,TLN,13,DFM,11,team win,Lotus,team pick
53701,119641,DFM,11,TLN,13,opponent win,Lotus,opponent pick
53701,119642,TLN,13,DFM,4,team win,Bind,opponent pick
53701,119642,DFM,4,TLN,13,opponent win,Bind,team pick
53702,119644,RRQ,9,PRX,13,opponent win,Bind,team pick
53702,119644,PRX,13,RRQ,9,team win,Bind,opponent pick
53702,119645,RRQ,11,PRX,13,opponent win,Pearl,opponent pick
53702,119645,PRX,13,RRQ,11,team win,Pearl,team pick
53713,119677,ZETA,13,TS,15,opponent win,Haven,opponent pick
53713,119677,TS,15,ZETA,13,team win,Haven,team pick
53713,119678,ZETA,12,TS,14,opponent win,Ascent,team pick
53713,119678,TS,14,ZETA,12,team win,Ascent,opponent pick
53714,119680,T1,13,GEN,8,team win,Fracture,team pick
53714,119680,GEN,8,T1,13,opponent win,Fracture,opponent pick
53714,119681,T1,11,GEN,13,opponent win,Ascent,opponent pick
53714,119681,GEN,13,T1,11,team win,Ascent,team pick
53714,119682,T1,13,GEN,7,team win,Lotus,opponent pick
53714,119682,GEN,7,T1,13,opponent win,Lotus,opponent pick
53715,119683,DRX,9,TS,13,opponent win,Haven,opponent pick
53715,119683,TS,13,DRX,9,team win,Haven,team pick
53715,119684,DRX,13,TS,5,team win,Split,team pick
53715,119684,TS,5,DRX,13,opponent win,Split,opponent pick
53715,119685,DRX,13,TS,4,team win,Bind,opponent pick
53715,119685,TS,4,DRX,13,opponent win,Bind,opponent pick
53716,119686,PRX,13,T1,10,team win,Lotus,opponent pick
53716,119686,T1,10,PRX,13,opponent win,Lotus,team pick
53716,119687,PRX,13,T1,10,team win,Fracture,team pick
53716,119687,T1,10,PRX,13,opponent win,Fracture,opponent pick
53718,119692,TS,13,GEN,8,team win,Ascent,opponent pick
53718,119692,GEN,8,TS,13,opponent win,Ascent,team pick
53718,119693,TS,8,GEN,13,opponent win,Haven,team pick
53718,119693,GEN,13,TS,8,team win,Haven,opponent pick
53718,119694,TS,12,GEN,14,opponent win,Split,opponent pick
53718,119694,GEN,14,TS,12,team win,Split,opponent pick
53717,119689,T1,13,ZETA,10,team win,Haven,opponent pick
53717,119689,ZETA,10,T1,13,opponent win,Haven,team pick
53717,119690,T1,12,ZETA,14,opponent win,Bind,team pick
53717,119690,ZETA,14,T1,12,team win,Bind,opponent pick
53717,119691,T1,13,ZETA,10,team win,Fracture,opponent pick
53717,119691,ZETA,10,T1,13,opponent win,Fracture,opponent pick
53719,119695,DRX,5,PRX,13,opponent win,Fracture,opponent pick
53719,119695,PRX,13,DRX,5,team win,Fracture,team pick
53719,119696,DRX,6,PRX,13,opponent win,Bind,team pick
53719,119696,PRX,13,DRX,6,team win,Bind,opponent pick
53720,119698,T1,13,GEN,10,team win,Fracture,team pick
53720,119698,GEN,10,T1,13,opponent win,Fracture,opponent pick
53720,119699,T1,13,GEN,10,team win,Ascent,opponent pick
53720,119699,GEN,10,T1,13,opponent win,Ascent,team pick
58569,131114,BNY,13,SPB,6,team win,Bind,opponent pick
58569,131114,SPB,6,BNY,13,opponent win,Bind,opponent pick
53721,119701,DRX,11,T1,13,opponent win,Ascent,team pick
53721,119701,T1,13,DRX,11,team win,Ascent,opponent pick
53721,119702,DRX,13,T1,11,team win,Fracture,opponent pick
53721,119702,T1,11,DRX,13,opponent win,Fracture,team pick
53721,119703,DRX,13,T1,11,team win,Haven,team pick
53721,119703,T1,11,DRX,13,opponent win,Haven,opponent pick
53721,119704,DRX,6,T1,13,opponent win,Bind,opponent pick
53721,119704,T1,13,DRX,6,team win,Bind,team pick
53721,119705,DRX,13,T1,9,team win,Pearl,opponent pick
53721,119705,T1,9,DRX,13,opponent win,Pearl,opponent pick
53722,119706,PRX,6,DRX,13,opponent win,Fracture,team pick
53722,119706,DRX,13,PRX,6,team win,Fracture,opponent pick
53722,119708,PRX,14,DRX,16,opponent win,Ascent,opponent pick
53722,119708,DRX,16,PRX,14,team win,Ascent,team pick
53722,119712,PRX,13,DRX,8,team win,Pearl,opponent pick
53722,119712,DRX,8,PRX,13,opponent win,Pearl,team pick
53722,119714,PRX,13,DRX,6,team win,Bind,opponent pick
53722,119714,DRX,6,PRX,13,opponent win,Bind,opponent pick
53722,131784,PRX,13,DRX,3,team win,Lotus,team pick
53722,131784,DRX,3,PRX,13,opponent win,Lotus,opponent pick
52769,117164,KOI,13,NAVI,7,team win,Ascent,opponent pick
52769,117164,NAVI,7,KOI,13,opponent win,Ascent,team pick
52769,117165,KOI,20,NAVI,18,team win,Lotus,team pick
52769,117165,NAVI,18,KOI,20,opponent win,Lotus,opponent pick
52768,117161,FNC,13,GIA,3,team win,Icebox,team pick
52768,117161,GIA,3,FNC,13,opponent win,Icebox,opponent pick
52768,117162,FNC,13,GIA,11,team win,Split,opponent pick
52768,117162,GIA,11,FNC,13,opponent win,Split,team pick
52770,117167,TH,4,FUT,13,opponent win,Pearl,team pick
52770,117167,FUT,13,TH,4,team win,Pearl,opponent pick
52770,117168,TH,9,FUT,13,opponent win,Lotus,opponent pick
52770,117168,FUT,13,TH,9,team win,Lotus,team pick
52771,117170,TL,6,VIT,13,opponent win,Haven,opponent pick
52771,117170,VIT,13,TL,6,team win,Haven,team pick
52771,117171,TL,13,VIT,2,team win,Fracture,team pick
52771,117171,VIT,2,TL,13,opponent win,Fracture,opponent pick
52771,117172,TL,10,VIT,13,opponent win,Lotus,opponent pick
52771,117172,VIT,13,TL,10,team win,Lotus,opponent pick
52772,117173,NAVI,15,GIA,17,opponent win,Icebox,team pick
52772,117173,GIA,17,NAVI,15,team win,Icebox,opponent pick
52772,117174,NAVI,15,GIA,13,team win,Split,opponent pick
52772,117174,GIA,13,NAVI,15,opponent win,Split,team pick
52772,117175,NAVI,13,GIA,7,team win,Pearl,opponent pick
52772,117175,GIA,7,NAVI,13,opponent win,Pearl,opponent pick
52773,117176,KC,19,BBL,17,team win,Icebox,opponent pick
52773,117176,BBL,17,KC,19,opponent win,Icebox,team pick
52773,117177,KC,13,BBL,11,team win,Split,team pick
52773,117177,BBL,11,KC,13,opponent win,Split,opponent pick
52774,117179,TL,10,FUT,13,opponent win,Lotus,opponent pick
52774,117179,FUT,13,TL,10,team win,Lotus,team pick
52774,117180,TL,13,FUT,6,team win,Split,team pick
52774,117180,FUT,6,TL,13,opponent win,Split,opponent pick
52774,117181,TL,13,FUT,6,team win,Ascent,opponent pick
52774,117181,FUT,6,TL,13,opponent win,Ascent,opponent pick
52775,117182,KOI,9,VIT,13,opponent win,Split,opponent pick
52775,117182,VIT,13,KOI,9,team win,Split,team pick
52775,117183,KOI,13,VIT,15,opponent win,Fracture,team pick
52775,117183,VIT,15,KOI,13,team win,Fracture,opponent pick
52776,117185,FNC,6,BBL,13,opponent win,Ascent,opponent pick
52776,117185,BBL,13,FNC,6,team win,Ascent,team pick
52776,117186,FNC,13,BBL,9,team win,Haven,team pick
52776,117186,BBL,9,FNC,13,opponent win,Haven,opponent pick
52776,117187,FNC,13,BBL,11,team win,Split,opponent pick
52776,117187,BBL,11,FNC,13,opponent win,Split,opponent pick
52777,117188,TH,13,KC,5,team win,Icebox,team pick
52777,117188,KC,5,TH,13,opponent win,Icebox,opponent pick
52777,117189,TH,13,KC,2,team win,Split,opponent pick
52777,117189,KC,2,TH,13,opponent win,Split,team pick
53533,119187,VIT,4,FUT,13,opponent win,Lotus,opponent pick
53533,119187,FUT,13,VIT,4,team win,Lotus,team pick
53533,119188,VIT,10,FUT,13,opponent win,Haven,team pick
53533,119188,FUT,13,VIT,10,team win,Haven,opponent pick
53534,119190,NAVI,13,BBL,10,team win,Ascent,opponent pick
53534,119190,BBL,10,NAVI,13,opponent win,Ascent,team pick
53534,119191,NAVI,13,BBL,8,team win,Fracture,team pick
53534,119191,BBL,8,NAVI,13,opponent win,Fracture,opponent pick
53535,119193,FNC,13,TH,3,team win,Icebox,team pick
53535,119193,TH,3,FNC,13,opponent win,Icebox,opponent pick
53535,119194,FNC,13,TH,6,team win,Ascent,opponent pick
53535,119194,TH,6,FNC,13,opponent win,Ascent,team pick
53536,119196,TL,13,KC,5,team win,Ascent,team pick
53536,119196,KC,5,TL,13,opponent win,Ascent,opponent pick
53536,119197,TL,13,KC,2,team win,Split,opponent pick
53536,119197,KC,2,TL,13,opponent win,Split,team pick
53537,119199,KOI,1,GIA,13,opponent win,Lotus,opponent pick
53537,119199,GIA,13,KOI,1,team win,Lotus,team pick
53537,119200,KOI,11,GIA,13,opponent win,Ascent,team pick
53537,119200,GIA,13,KOI,11,team win,Ascent,opponent pick
53538,119202,NAVI,13,TH,3,team win,Pearl,team pick
53538,119202,TH,3,NAVI,13,opponent win,Pearl,opponent pick
53538,119203,NAVI,9,TH,13,opponent win,Lotus,opponent pick
53538,119203,TH,13,NAVI,9,team win,Lotus,team pick
53538,119204,NAVI,13,TH,2,team win,Ascent,opponent pick
53538,119204,TH,2,NAVI,13,opponent win,Ascent,opponent pick
53539,119206,KOI,9,FUT,13,opponent win,Ascent,team pick
53539,119206,FUT,13,KOI,9,team win,Ascent,opponent pick
53539,126175,KOI,6,FUT,13,opponent win,Icebox,opponent pick
53539,126175,FUT,13,KOI,6,team win,Icebox,team pick
53540,119208,TL,6,FNC,13,opponent win,Lotus,team pick
53540,119208,FNC,13,TL,6,team win,Lotus,opponent pick
53540,119209,TL,6,FNC,13,opponent win,Haven,opponent pick
53540,119209,FNC,13,TL,6,team win,Haven,team pick
53541,119211,GIA,13,BBL,10,team win,Icebox,opponent pick
53541,119211,BBL,10,GIA,13,opponent win,Icebox,team pick
53541,119212,GIA,13,BBL,3,team win,Split,team pick
53541,119212,BBL,3,GIA,13,opponent win,Split,opponent pick
53542,119214,VIT,13,KC,2,team win,Ascent,opponent pick
53542,119214,KC,2,VIT,13,opponent win,Ascent,team pick
53542,119215,VIT,13,KC,6,team win,Split,team pick
53542,119215,KC,6,VIT,13,opponent win,Split,opponent pick
53562,119246,TH,8,TL,13,opponent win,Split,opponent pick
53562,119246,TL,13,TH,8,team win,Split,team pick
53562,119247,TH,15,TL,17,opponent win,Fracture,team pick
53562,119247,TL,17,TH,15,team win,Fracture,opponent pick
53564,119252,FUT,5,GIA,13,opponent win,Icebox,team pick
53564,119252,GIA,13,FUT,5,team win,Icebox,opponent pick
53564,119253,FUT,11,GIA,13,opponent win,Split,opponent pick
53564,119253,GIA,13,FUT,11,team win,Split,team pick
53565,119255,KC,11,NAVI,13,opponent win,Ascent,opponent pick
53565,119255,NAVI,13,KC,11,team win,Ascent,team pick
53565,119256,KC,7,NAVI,13,opponent win,Lotus,team pick
53565,119256,NAVI,13,KC,7,team win,Lotus,opponent pick
53566,119258,BBL,13,VIT,8,team win,Ascent,team pick
53566,119258,VIT,8,BBL,13,opponent win,Ascent,opponent pick
53566,119259,BBL,13,VIT,9,team win,Haven,opponent pick
53566,119259,VIT,9,BBL,13,opponent win,Haven,team pick
53567,119261,GIA,13,TL,11,team win,Ascent,opponent pick
53567,119261,TL,11,GIA,13,opponent win,Ascent,team pick
53567,119262,GIA,11,TL,13,opponent win,Icebox,team pick
53567,119262,TL,13,GIA,11,team win,Icebox,opponent pick
53567,119263,GIA,10,TL,13,opponent win,Lotus,opponent pick
53567,119263,TL,13,GIA,10,team win,Lotus,opponent pick
53568,119264,BBL,14,TH,12,team win,Haven,team pick
53568,119264,TH,12,BBL,14,opponent win,Haven,opponent pick
53568,119265,BBL,10,TH,13,opponent win,Lotus,opponent pick
53568,119265,TH,13,BBL,10,team win,Lotus,team pick
53568,119266,BBL,13,TH,2,team win,Icebox,opponent pick
53568,119266,TH,2,BBL,13,opponent win,Icebox,opponent pick
53569,119267,KOI,6,KC,13,opponent win,Lotus,opponent pick
53569,119267,KC,13,KOI,6,team win,Lotus,team pick
53569,119268,KOI,13,KC,8,team win,Ascent,team pick
53569,119268,KC,8,KOI,13,opponent win,Ascent,opponent pick
53569,119269,KOI,11,KC,13,opponent win,Haven,opponent pick
53569,119269,KC,13,KOI,11,team win,Haven,opponent pick
53570,119270,FUT,5,FNC,13,opponent win,Icebox,opponent pick
53570,119270,FNC,13,FUT,5,team win,Icebox,team pick
53570,119271,FUT,5,FNC,13,opponent win,Lotus,team pick
53570,119271,FNC,13,FUT,5,team win,Lotus,opponent pick
53571,119273,VIT,10,NAVI,13,opponent win,Split,team pick
53571,119273,NAVI,13,VIT,10,team win,Split,opponent pick
53571,119274,VIT,10,NAVI,13,opponent win,Fracture,opponent pick
53571,119274,NAVI,13,VIT,10,team win,Fracture,team pick
53572,119276,VIT,12,FNC,14,opponent win,Haven,opponent pick
53572,119276,FNC,14,VIT,12,team win,Haven,team pick
53572,119277,VIT,8,FNC,13,opponent win,Bind,team pick
53572,119277,FNC,13,VIT,8,team win,Bind,opponent pick
53573,119279,FUT,13,KC,8,team win,Haven,team pick
53573,119279,KC,8,FUT,13,opponent win,Haven,opponent pick
53573,119280,FUT,13,KC,5,team win,Ascent,opponent pick
53573,119280,KC,5,FUT,13,opponent win,Ascent,team pick
53574,119282,KOI,13,BBL,3,team win,Pearl,team pick
53574,119282,BBL,3,KOI,13,opponent win,Pearl,opponent pick
53574,119283,KOI,4,BBL,13,opponent win,Ascent,opponent pick
53574,119283,BBL,13,KOI,4,team win,Ascent,team pick
53574,119284,KOI,5,BBL,13,opponent win,Bind,opponent pick
53574,119284,BBL,13,KOI,5,team win,Bind,opponent pick
53575,119285,NAVI,13,TL,11,team win,Fracture,team pick
53575,119285,TL,11,NAVI,13,opponent win,Fracture,opponent pick
53575,119286,NAVI,13,TL,11,team win,Bind,opponent pick
53575,119286,TL,11,NAVI,13,opponent win,Bind,team pick
53576,119288,GIA,9,TH,13,opponent win,Pearl,team pick
53576,119288,TH,13,GIA,9,team win,Pearl,opponent pick
53576,119289,GIA,14,TH,16,opponent win,Lotus,opponent pick
53576,119289,TH,16,GIA,14,team win,Lotus,team pick
53563,119249,KOI,4,FNC,13,opponent win,Lotus,opponent pick
53563,119249,FNC,13,KOI,4,team win,Lotus,team pick
53563,119250,KOI,9,FNC,13,opponent win,Ascent,team pick
53563,119250,FNC,13,KOI,9,team win,Ascent,opponent pick
53577,119291,GIA,13,VIT,6,team win,Lotus,team pick
53577,119291,VIT,6,GIA,13,opponent win,Lotus,opponent pick
53577,119292,GIA,10,VIT,13,opponent win,Split,opponent pick
53577,119292,VIT,13,GIA,10,team win,Split,team pick
53577,119293,GIA,13,VIT,10,team win,Ascent,opponent pick
53577,119293,VIT,10,GIA,13,opponent win,Ascent,opponent pick
53578,119294,FUT,9,NAVI,13,opponent win,Lotus,team pick
53578,119294,NAVI,13,FUT,9,team win,Lotus,opponent pick
53578,119295,FUT,11,NAVI,13,opponent win,Pearl,opponent pick
53578,119295,NAVI,13,FUT,11,team win,Pearl,team pick
53579,119297,KC,2,FNC,13,opponent win,Haven,opponent pick
53579,119297,FNC,13,KC,2,team win,Haven,team pick
53579,119298,KC,10,FNC,13,opponent win,Lotus,team pick
53579,119298,FNC,13,KC,10,team win,Lotus,opponent pick
53580,119300,BBL,11,TL,13,opponent win,Split,opponent pick
53580,119300,TL,13,BBL,11,team win,Split,team pick
53580,119301,BBL,13,TL,7,team win,Ascent,team pick
53580,119301,TL,7,BBL,13,opponent win,Ascent,opponent pick
53580,119302,BBL,7,TL,13,opponent win,Bind,opponent pick
53580,119302,TL,13,BBL,7,team win,Bind,opponent pick
53581,119303,KOI,13,TH,7,team win,Fracture,team pick
53581,119303,TH,7,KOI,13,opponent win,Fracture,opponent pick
53581,119304,KOI,9,TH,13,opponent win,Lotus,opponent pick
53581,119304,TH,13,KOI,9,team win,Lotus,team pick
53581,119305,KOI,13,TH,11,team win,Ascent,opponent pick
53581,119305,TH,11,KOI,13,opponent win,Ascent,opponent pick
53582,119306,FNC,13,NAVI,9,team win,Lotus,team pick
53582,119306,NAVI,9,FNC,13,opponent win,Lotus,opponent pick
53582,119307,FNC,13,NAVI,8,team win,Split,opponent pick
53582,119307,NAVI,8,FNC,13,opponent win,Split,team pick
53583,119309,TH,10,VIT,13,opponent win,Haven,opponent pick
53583,119309,VIT,13,TH,10,team win,Haven,team pick
53583,119310,TH,13,VIT,15,opponent win,Lotus,team pick
53583,119310,VIT,15,TH,13,team win,Lotus,opponent pick
53584,119312,KC,14,GIA,16,opponent win,Lotus,team pick
53584,119312,GIA,16,KC,14,team win,Lotus,opponent pick
53584,119313,KC,5,GIA,13,opponent win,Ascent,opponent pick
53584,119313,GIA,13,KC,5,team win,Ascent,team pick
53585,119315,KOI,7,TL,13,opponent win,Fracture,opponent pick
53585,119315,TL,13,KOI,7,team win,Fracture,team pick
53585,119316,KOI,13,TL,11,team win,Split,team pick
53585,119316,TL,11,KOI,13,opponent win,Split,opponent pick
53585,119317,KOI,8,TL,13,opponent win,Lotus,opponent pick
53585,119317,TL,13,KOI,8,team win,Lotus,opponent pick
53586,119318,BBL,5,FUT,13,opponent win,Pearl,opponent pick
53586,119318,FUT,13,BBL,5,team win,Pearl,team pick
53586,119319,BBL,7,FUT,13,opponent win,Haven,team pick
53586,119319,FUT,13,BBL,7,team win,Haven,opponent pick
58518,130941,GIA,5,FUT,13,opponent win,Haven,opponent pick
58518,130941,FUT,13,GIA,5,team win,Haven,team pick
58518,130942,GIA,12,FUT,14,opponent win,Ascent,team pick
58518,130942,FUT,14,GIA,12,team win,Ascent,opponent pick
58519,130944,TL,6,VIT,13,opponent win,Lotus,opponent pick
58519,130944,VIT,13,TL,6,team win,Lotus,team pick
58519,130945,TL,13,VIT,11,team win,Bind,team pick
58519,130945,VIT,11,TL,13,opponent win,Bind,opponent pick
58519,130946,TL,13,VIT,11,team win,Ascent,opponent pick
58519,130946,VIT,11,TL,13,opponent win,Ascent,opponent pick
58520,130947,FNC,9,FUT,13,opponent win,Bind,team pick
58520,130947,FUT,13,FNC,9,team win,Bind,opponent pick
58520,130948,FNC,13,FUT,2,team win,Split,opponent pick
58520,130948,FUT,2,FNC,13,opponent win,Split,team pick
58520,130949,FNC,13,FUT,1,team win,Lotus,opponent pick
58520,130949,FUT,1,FNC,13,opponent win,Lotus,opponent pick
58521,130950,NAVI,11,TL,13,opponent win,Bind,opponent pick
58521,130950,TL,13,NAVI,11,team win,Bind,team pick
58521,130951,NAVI,10,TL,13,opponent win,Split,team pick
58521,130951,TL,13,NAVI,10,team win,Split,opponent pick
58525,130962,FUT,13,VIT,9,team win,Split,opponent pick
58525,130962,VIT,9,FUT,13,opponent win,Split,team pick
58525,130963,FUT,9,VIT,13,opponent win,Haven,team pick
58525,130963,VIT,13,FUT,9,team win,Haven,opponent pick
58525,130964,FUT,13,VIT,6,team win,Lotus,opponent pick
58525,130964,VIT,6,FUT,13,opponent win,Lotus,opponent pick
58524,130959,NAVI,13,GIA,9,team win,Pearl,team pick
58524,130959,GIA,9,NAVI,13,opponent win,Pearl,opponent pick
58524,130960,NAVI,13,GIA,9,team win,Ascent,opponent pick
58524,130960,GIA,9,NAVI,13,opponent win,Ascent,team pick
58522,130953,FNC,14,TL,12,team win,Lotus,team pick
58522,130953,TL,12,FNC,14,opponent win,Lotus,opponent pick
58522,130954,FNC,13,TL,6,team win,Bind,opponent pick
58522,130954,TL,6,FNC,13,opponent win,Bind,team pick
58526,130965,NAVI,8,FUT,13,opponent win,Lotus,opponent pick
58526,130965,FUT,13,NAVI,8,team win,Lotus,team pick
58526,130966,NAVI,7,FUT,13,opponent win,Fracture,team pick
58526,130966,FUT,13,NAVI,7,team win,Fracture,opponent pick
58527,130968,TL,13,FUT,5,team win,Ascent,team pick
58527,130968,FUT,5,TL,13,opponent win,Ascent,opponent pick
58527,130969,TL,17,FUT,15,team win,Lotus,opponent pick
58527,130969,FUT,15,TL,17,opponent win,Lotus,team pick
58527,130970,TL,13,FUT,5,team win,Split,team pick
58527,130970,FUT,5,TL,13,opponent win,Split,opponent pick
58523,130956,FNC,13,TL,11,team win,Lotus,team pick
58523,130956,TL,11,FNC,13,opponent win,Lotus,opponent pick
58523,130957,FNC,12,TL,14,opponent win,Ascent,opponent pick
58523,130957,TL,14,FNC,12,team win,Ascent,team pick
58523,130958,FNC,6,TL,13,opponent win,Haven,team pick
58523,130958,TL,13,FNC,6,team win,Haven,opponent pick
58523,131673,FNC,11,TL,13,opponent win,Fracture,opponent pick
58523,131673,TL,13,FNC,11,team win,Fracture,team pick
53445,118923,SEN,13,100T,11,team win,Fracture,team pick
53445,118923,100T,11,SEN,13,opponent win,Fracture,opponent pick
53445,118924,SEN,12,100T,14,opponent win,Split,opponent pick
53445,118924,100T,14,SEN,12,team win,Split,team pick
53445,118925,SEN,14,100T,12,team win,Ascent,opponent pick
53445,118925,100T,12,SEN,14,opponent win,Ascent,opponent pick
53446,118926,KRÜ,11,FUR,13,opponent win,Split,team pick
53446,118926,FUR,13,KRÜ,11,team win,Split,opponent pick
53446,118927,KRÜ,5,FUR,13,opponent win,Ascent,opponent pick
53446,118927,FUR,13,KRÜ,5,team win,Ascent,team pick
53447,118929,LOUD,13,MIBR,5,team win,Split,team pick
53447,118929,MIBR,5,LOUD,13,opponent win,Split,opponent pick
53447,118930,LOUD,11,MIBR,13,opponent win,Lotus,opponent pick
53447,118930,MIBR,13,LOUD,11,team win,Lotus,team pick
53447,118931,LOUD,13,MIBR,11,team win,Haven,opponent pick
53447,118931,MIBR,11,LOUD,13,opponent win,Haven,opponent pick
53448,118932,EG,11,C9,13,opponent win,Pearl,team pick
53448,118932,C9,13,EG,11,team win,Pearl,opponent pick
53448,118933,EG,9,C9,13,opponent win,Fracture,opponent pick
53448,118933,C9,13,EG,9,team win,Fracture,team pick
53449,118935,LEV,13,NRG,11,team win,Pearl,team pick
53449,118935,NRG,11,LEV,13,opponent win,Pearl,opponent pick
53449,118936,LEV,13,NRG,4,team win,Lotus,opponent pick
53449,118936,NRG,4,LEV,13,opponent win,Lotus,team pick
53450,118938,C9,13,LOUD,7,team win,Split,team pick
53450,118938,LOUD,7,C9,13,opponent win,Split,opponent pick
53450,118939,C9,8,LOUD,13,opponent win,Ascent,opponent pick
53450,118939,LOUD,13,C9,8,team win,Ascent,team pick
53450,118940,C9,7,LOUD,13,opponent win,Pearl,opponent pick
53450,118940,LOUD,13,C9,7,team win,Pearl,opponent pick
53451,118941,LEV,13,FUR,11,team win,Pearl,team pick
53451,118941,FUR,11,LEV,13,opponent win,Pearl,opponent pick
53451,118942,LEV,5,FUR,13,opponent win,Icebox,opponent pick
53451,118942,FUR,13,LEV,5,team win,Icebox,team pick
53451,118943,LEV,10,FUR,13,opponent win,Ascent,opponent pick
53451,118943,FUR,13,LEV,10,team win,Ascent,opponent pick
53452,118944,NRG,13,SEN,10,team win,Lotus,opponent pick
53452,118944,SEN,10,NRG,13,opponent win,Lotus,team pick
53452,118945,NRG,13,SEN,2,team win,Icebox,team pick
53452,118945,SEN,2,NRG,13,opponent win,Icebox,opponent pick
53453,118947,MIBR,9,KRÜ,13,opponent win,Ascent,opponent pick
53453,118947,KRÜ,13,MIBR,9,team win,Ascent,team pick
53453,118948,MIBR,13,KRÜ,11,team win,Lotus,team pick
53453,118948,KRÜ,11,MIBR,13,opponent win,Lotus,opponent pick
53453,118949,MIBR,14,KRÜ,12,team win,Pearl,opponent pick
53453,118949,KRÜ,12,MIBR,14,opponent win,Pearl,opponent pick
53454,118950,EG,9,100T,13,opponent win,Haven,team pick
53454,118950,100T,13,EG,9,team win,Haven,opponent pick
53454,118951,EG,5,100T,13,opponent win,Icebox,opponent pick
53454,118951,100T,13,EG,5,team win,Icebox,team pick
53455,118953,C9,13,100T,7,team win,Lotus,team pick
53455,118953,100T,7,C9,13,opponent win,Lotus,opponent pick
53455,118954,C9,14,100T,12,team win,Ascent,opponent pick
53455,118954,100T,12,C9,14,opponent win,Ascent,team pick
53456,118956,NRG,10,MIBR,13,opponent win,Icebox,team pick
53456,118956,MIBR,13,NRG,10,team win,Icebox,opponent pick
53456,118957,NRG,16,MIBR,14,team win,Pearl,opponent pick
53456,118957,MIBR,14,NRG,16,opponent win,Pearl,team pick
53456,118958,NRG,14,MIBR,16,opponent win,Split,opponent pick
53456,118958,MIBR,16,NRG,14,team win,Split,opponent pick
53457,118959,LEV,14,SEN,12,team win,Split,opponent pick
53457,118959,SEN,12,LEV,14,opponent win,Split,team pick
53457,118960,LEV,11,SEN,13,opponent win,Ascent,team pick
53457,118960,SEN,13,LEV,11,team win,Ascent,opponent pick
53457,118961,LEV,13,SEN,4,team win,Pearl,opponent pick
53457,118961,SEN,4,LEV,13,opponent win,Pearl,opponent pick
53458,118962,EG,13,KRÜ,11,team win,Pearl,team pick
53458,118962,KRÜ,11,EG,13,opponent win,Pearl,opponent pick
53458,118963,EG,11,KRÜ,13,opponent win,Ascent,opponent pick
53458,118963,KRÜ,13,EG,11,team win,Ascent,team pick
53458,118964,EG,13,KRÜ,7,team win,Fracture,opponent pick
53458,118964,KRÜ,7,EG,13,opponent win,Fracture,opponent pick
53459,118965,LOUD,13,FUR,9,team win,Split,team pick
53459,118965,FUR,9,LOUD,13,opponent win,Split,opponent pick
53459,118966,LOUD,13,FUR,4,team win,Icebox,opponent pick
53459,118966,FUR,4,LOUD,13,opponent win,Icebox,team pick
53460,118968,LOUD,6,SEN,13,opponent win,Pearl,team pick
53460,118968,SEN,13,LOUD,6,team win,Pearl,opponent pick
53460,118969,LOUD,13,SEN,11,team win,Haven,opponent pick
53460,118969,SEN,11,LOUD,13,opponent win,Haven,team pick
53460,118970,LOUD,13,SEN,8,team win,Ascent,opponent pick
53460,118970,SEN,8,LOUD,13,opponent win,Ascent,opponent pick
53461,118971,LEV,13,MIBR,4,team win,Pearl,team pick
53461,118971,MIBR,4,LEV,13,opponent win,Pearl,opponent pick
53461,118972,LEV,13,MIBR,3,team win,Icebox,opponent pick
53461,118972,MIBR,3,LEV,13,opponent win,Icebox,team pick
53462,118974,KRÜ,13,100T,4,team win,Ascent,team pick
53462,118974,100T,4,KRÜ,13,opponent win,Ascent,opponent pick
53462,118975,KRÜ,11,100T,13,opponent win,Split,opponent pick
53462,118975,100T,13,KRÜ,11,team win,Split,team pick
53462,118976,KRÜ,5,100T,13,opponent win,Fracture,opponent pick
53462,118976,100T,13,KRÜ,5,team win,Fracture,opponent pick
53463,118977,EG,13,FUR,15,opponent win,Ascent,opponent pick
53463,118977,FUR,15,EG,13,team win,Ascent,team pick
53463,118978,EG,13,FUR,7,team win,Fracture,team pick
53463,118978,FUR,7,EG,13,opponent win,Fracture,opponent pick
53463,118979,EG,10,FUR,13,opponent win,Haven,opponent pick
53463,118979,FUR,13,EG,10,team win,Haven,opponent pick
53464,118980,NRG,13,C9,8,team win,Haven,opponent pick
53464,118980,C9,8,NRG,13,opponent win,Haven,team pick
53464,118981,NRG,9,C9,13,opponent win,Pearl,team pick
53464,118981,C9,13,NRG,9,team win,Pearl,opponent pick
53464,118982,NRG,7,C9,13,opponent win,Ascent,opponent pick
53464,118982,C9,13,NRG,7,team win,Ascent,opponent pick
53465,118983,MIBR,5,SEN,13,opponent win,Pearl,opponent pick
53465,118983,SEN,13,MIBR,5,team win,Pearl,team pick
53465,118984,MIBR,6,SEN,13,opponent win,Fracture,team pick
53465,118984,SEN,13,MIBR,6,team win,Fracture,opponent pick
53466,118986,LEV,15,100T,13,team win,Icebox,opponent pick
53466,118986,100T,13,LEV,15,opponent win,Icebox,team pick
53466,118987,LEV,11,100T,13,opponent win,Haven,team pick
53466,118987,100T,13,LEV,11,team win,Haven,opponent pick
53466,118988,LEV,11,100T,13,opponent win,Lotus,opponent pick
53466,118988,100T,13,LEV,11,team win,Lotus,opponent pick
53467,118989,EG,13,LOUD,3,team win,Split,opponent pick
53467,118989,LOUD,3,EG,13,opponent win,Split,team pick
53467,118990,EG,10,LOUD,13,opponent win,Haven,team pick
53467,118990,LOUD,13,EG,10,team win,Haven,opponent pick
53467,118991,EG,0,LOUD,13,opponent win,Pearl,opponent pick
53467,118991,LOUD,13,EG,0,team win,Pearl,opponent pick
53468,118992,C9,13,FUR,8,team win,Ascent,opponent pick
53468,118992,FUR,8,C9,13,opponent win,Ascent,team pick
53468,118993,C9,13,FUR,9,team win,Fracture,team pick
53468,118993,FUR,9,C9,13,opponent win,Fracture,opponent pick
53469,118995,NRG,13,KRÜ,10,team win,Haven,team pick
53469,118995,KRÜ,10,NRG,13,opponent win,Haven,opponent pick
53469,118996,NRG,13,KRÜ,4,team win,Ascent,opponent pick
53469,118996,KRÜ,4,NRG,13,opponent win,Ascent,team pick
53470,118998,NRG,13,100T,7,team win,Bind,team pick
53470,118998,100T,7,NRG,13,opponent win,Bind,opponent pick
53470,118999,NRG,13,100T,3,team win,Fracture,opponent pick
53470,118999,100T,3,NRG,13,opponent win,Fracture,team pick
53471,119001,MIBR,11,FUR,13,opponent win,Pearl,opponent pick
53471,119001,FUR,13,MIBR,11,team win,Pearl,team pick
53471,119002,MIBR,7,FUR,13,opponent win,Split,team pick
53471,119002,FUR,13,MIBR,7,team win,Split,opponent pick
53472,119004,C9,13,SEN,4,team win,Lotus,opponent pick
53472,119004,SEN,4,C9,13,opponent win,Lotus,team pick
53472,119005,C9,13,SEN,6,team win,Fracture,team pick
53472,119005,SEN,6,C9,13,opponent win,Fracture,opponent pick
53473,119007,LEV,10,EG,13,opponent win,Split,opponent pick
53473,119007,EG,13,LEV,10,team win,Split,team pick
53473,119008,LEV,13,EG,10,team win,Pearl,team pick
53473,119008,EG,10,LEV,13,opponent win,Pearl,opponent pick
53473,119009,LEV,10,EG,13,opponent win,Ascent,opponent pick
53473,119009,EG,13,LEV,10,team win,Ascent,opponent pick
53474,119010,LOUD,10,KRÜ,13,opponent win,Pearl,team pick
53474,119010,KRÜ,13,LOUD,10,team win,Pearl,opponent pick
53474,119011,LOUD,13,KRÜ,11,team win,Ascent,opponent pick
53474,119011,KRÜ,11,LOUD,13,opponent win,Ascent,team pick
53474,119012,LOUD,13,KRÜ,10,team win,Split,opponent pick
53474,119012,KRÜ,10,LOUD,13,opponent win,Split,opponent pick
53475,119013,EG,13,SEN,6,team win,Fracture,team pick
53475,119013,SEN,6,EG,13,opponent win,Fracture,opponent pick
53475,119014,EG,13,SEN,5,team win,Pearl,opponent pick
53475,119014,SEN,5,EG,13,opponent win,Pearl,team pick
53476,119016,C9,13,MIBR,5,team win,Split,team pick
53476,119016,MIBR,5,C9,13,opponent win,Split,opponent pick
53476,119017,C9,13,MIBR,4,team win,Lotus,opponent pick
53476,119017,MIBR,4,C9,13,opponent win,Lotus,team pick
53477,119019,LOUD,13,100T,5,team win,Ascent,team pick
53477,119019,100T,5,LOUD,13,opponent win,Ascent,opponent pick
53477,119020,LOUD,15,100T,13,team win,Split,opponent pick
53477,119020,100T,13,LOUD,15,opponent win,Split,team pick
53478,119022,LEV,13,KRÜ,4,team win,Haven,team pick
53478,119022,KRÜ,4,LEV,13,opponent win,Haven,opponent pick
53478,119023,LEV,13,KRÜ,4,team win,Split,opponent pick
53478,119023,KRÜ,4,LEV,13,opponent win,Split,team pick
53479,119025,NRG,13,FUR,11,team win,Bind,team pick
53479,119025,FUR,11,NRG,13,opponent win,Bind,opponent pick
53479,119026,NRG,11,FUR,13,opponent win,Haven,opponent pick
53479,119026,FUR,13,NRG,11,team win,Haven,team pick
53479,119027,NRG,13,FUR,6,team win,Pearl,opponent pick
53479,119027,FUR,6,NRG,13,opponent win,Pearl,opponent pick
53480,119028,FUR,13,100T,10,team win,Pearl,team pick
53480,119028,100T,10,FUR,13,opponent win,Pearl,opponent pick
53480,119029,FUR,7,100T,13,opponent win,Fracture,opponent pick
53480,119029,100T,13,FUR,7,team win,Fracture,team pick
53480,119030,FUR,11,100T,13,opponent win,Haven,opponent pick
53480,119030,100T,13,FUR,11,team win,Haven,opponent pick
53481,119031,EG,13,MIBR,2,team win,Lotus,opponent pick
53481,119031,MIBR,2,EG,13,opponent win,Lotus,team pick
53481,119032,EG,13,MIBR,5,team win,Fracture,team pick
53481,119032,MIBR,5,EG,13,opponent win,Fracture,opponent pick
53482,119034,KRÜ,12,SEN,14,opponent win,Lotus,opponent pick
53482,119034,SEN,14,KRÜ,12,team win,Lotus,team pick
53482,119035,KRÜ,10,SEN,13,opponent win,Bind,team pick
53482,119035,SEN,13,KRÜ,10,team win,Bind,opponent pick
53483,119037,NRG,13,LOUD,5,team win,Split,opponent pick
53483,119037,LOUD,5,NRG,13,opponent win,Split,team pick
53483,119038,NRG,13,LOUD,9,team win,Pearl,team pick
53483,119038,LOUD,9,NRG,13,opponent win,Pearl,opponent pick
53484,119040,LEV,7,C9,13,opponent win,Lotus,opponent pick
53484,119040,C9,13,LEV,7,team win,Lotus,team pick
53484,119041,LEV,4,C9,13,opponent win,Haven,team pick
53484,119041,C9,13,LEV,4,team win,Haven,opponent pick
53557,119231,SEN,13,FUR,7,team win,Split,team pick
53557,119231,FUR,7,SEN,13,opponent win,Split,opponent pick
53557,119232,SEN,5,FUR,13,opponent win,Haven,opponent pick
53557,119232,FUR,13,SEN,5,team win,Haven,team pick
53557,119233,SEN,19,FUR,17,team win,Bind,opponent pick
53557,119233,FUR,17,SEN,19,opponent win,Bind,opponent pick
53558,119234,NRG,13,EG,9,team win,Bind,team pick
53558,119234,EG,9,NRG,13,opponent win,Bind,opponent pick
53558,119235,NRG,13,EG,7,team win,Split,opponent pick
53558,119235,EG,7,NRG,13,opponent win,Split,team pick
53559,119237,C9,15,KRÜ,13,team win,Lotus,team pick
53559,119237,KRÜ,13,C9,15,opponent win,Lotus,opponent pick
53559,119238,C9,6,KRÜ,13,opponent win,Ascent,opponent pick
53559,119238,KRÜ,13,C9,6,team win,Ascent,team pick
53559,119239,C9,13,KRÜ,9,team win,Split,opponent pick
53559,119239,KRÜ,9,C9,13,opponent win,Split,opponent pick
53560,119240,LEV,7,LOUD,13,opponent win,Haven,team pick
53560,119240,LOUD,13,LEV,7,team win,Haven,opponent pick
53560,119241,LEV,5,LOUD,13,opponent win,Ascent,opponent pick
53560,119241,LOUD,13,LEV,5,team win,Ascent,team pick
53561,119243,MIBR,13,100T,6,team win,Fracture,opponent pick
53561,119243,100T,6,MIBR,13,opponent win,Fracture,team pick
53561,119244,MIBR,12,100T,14,opponent win,Pearl,team pick
53561,119244,100T,14,MIBR,12,team win,Pearl,opponent pick
53561,119245,MIBR,13,100T,7,team win,Lotus,opponent pick
53561,119245,100T,7,MIBR,13,opponent win,Lotus,opponent pick
55152,123159,LEV,5,FUR,13,opponent win,Ascent,opponent pick
55152,123159,FUR,13,LEV,5,team win,Ascent,team pick
55152,123160,LEV,20,FUR,18,team win,Pearl,team pick
55152,123160,FUR,18,LEV,20,opponent win,Pearl,opponent pick
55152,123161,LEV,6,FUR,13,opponent win,Bind,opponent pick
55152,123161,FUR,13,LEV,6,team win,Bind,opponent pick
55153,123162,NRG,13,EG,11,team win,Haven,team pick
55153,123162,EG,11,NRG,13,opponent win,Haven,opponent pick
55153,123163,NRG,13,EG,15,opponent win,Split,opponent pick
55153,123163,EG,15,NRG,13,team win,Split,team pick
55153,123164,NRG,7,EG,13,opponent win,Ascent,opponent pick
55153,123164,EG,13,NRG,7,team win,Ascent,opponent pick
55154,123165,LOUD,13,FUR,4,team win,Haven,opponent pick
55154,123165,FUR,4,LOUD,13,opponent win,Haven,team pick
55154,123166,LOUD,13,FUR,5,team win,Ascent,team pick
55154,123166,FUR,5,LOUD,13,opponent win,Ascent,opponent pick
55155,123168,C9,5,EG,13,opponent win,Fracture,opponent pick
55155,123168,EG,13,C9,5,team win,Fracture,team pick
55155,123169,C9,2,EG,13,opponent win,Bind,team pick
55155,123169,EG,13,C9,2,team win,Bind,opponent pick
55159,123182,FUR,9,NRG,13,opponent win,Bind,opponent pick
55159,123182,NRG,13,FUR,9,team win,Bind,team pick
55159,123183,FUR,10,NRG,13,opponent win,Haven,team pick
55159,123183,NRG,13,FUR,10,team win,Haven,opponent pick
55158,123179,C9,13,LEV,8,team win,Haven,opponent pick
55158,123179,LEV,8,C9,13,opponent win,Haven,team pick
55158,123180,C9,10,LEV,13,opponent win,Lotus,team pick
55158,123180,LEV,13,C9,10,team win,Lotus,opponent pick
55158,123181,C9,13,LEV,4,team win,Ascent,opponent pick
55158,123181,LEV,4,C9,13,opponent win,Ascent,opponent pick
55156,123171,LOUD,13,EG,9,team win,Fracture,opponent pick
55156,123171,EG,9,LOUD,13,opponent win,Fracture,team pick
55156,123172,LOUD,11,EG,13,opponent win,Ascent,team pick
55156,123172,EG,13,LOUD,11,team win,Ascent,opponent pick
55156,123173,LOUD,13,EG,3,team win,Bind,opponent pick
55156,123173,EG,3,LOUD,13,opponent win,Bind,opponent pick
55160,123185,C9,13,NRG,10,team win,Pearl,opponent pick
55160,123185,NRG,10,C9,13,opponent win,Pearl,team pick
55160,123186,C9,9,NRG,13,opponent win,Lotus,team pick
55160,123186,NRG,13,C9,9,team win,Lotus,opponent pick
55160,123187,C9,12,NRG,14,opponent win,Haven,opponent pick
55160,123187,NRG,14,C9,12,team win,Haven,opponent pick
55161,123188,EG,13,NRG,11,team win,Haven,opponent pick
55161,123188,NRG,11,EG,13,opponent win,Haven,team pick
55161,123189,EG,8,NRG,13,opponent win,Ascent,team pick
55161,123189,NRG,13,EG,8,team win,Ascent,opponent pick
55161,123190,EG,10,NRG,13,opponent win,Lotus,opponent pick
55161,123190,NRG,13,EG,10,team win,Lotus,team pick
55161,123191,EG,4,NRG,13,opponent win,Split,team pick
55161,123191,NRG,13,EG,4,team win,Split,opponent pick
55157,123174,LOUD,13,NRG,9,team win,Ascent,team pick
55157,123174,NRG,9,LOUD,13,opponent win,Ascent,opponent pick
55157,123175,LOUD,13,NRG,11,team win,Bind,opponent pick
55157,123175,NRG,11,LOUD,13,opponent win,Bind,team pick
55157,123176,LOUD,13,NRG,11,team win,Fracture,team pick
55157,123176,NRG,11,LOUD,13,opponent win,Fracture,opponent pick
59226,132557,FUT,5,EG,13,opponent win,Split,opponent pick
59226,132557,EG,13,FUT,5,team win,Split,team pick
59226,132558,FUT,12,EG,14,opponent win,Lotus,team pick
59226,132558,EG,14,FUT,12,team win,Lotus,opponent pick
59225,132554,DRX,13,ASE,10,team win,Fracture,opponent pick
59225,132554,ASE,10,DRX,13,opponent win,Fracture,team pick
59225,132555,DRX,13,ASE,7,team win,Pearl,team pick
59225,132555,ASE,7,DRX,13,opponent win,Pearl,opponent pick
59221,132542,EDG,10,T1,13,opponent win,Fracture,opponent pick
59221,132542,T1,13,EDG,10,team win,Fracture,team pick
59221,132543,EDG,13,T1,7,team win,Haven,team pick
59221,132543,T1,7,EDG,13,opponent win,Haven,opponent pick
59221,132544,EDG,12,T1,14,opponent win,Pearl,opponent pick
59221,132544,T1,14,EDG,12,team win,Pearl,opponent pick
59220,132539,NRG,13,NAVI,8,team win,Ascent,opponent pick
59220,132539,NAVI,8,NRG,13,opponent win,Ascent,team pick
59220,132540,NRG,12,NAVI,14,opponent win,Lotus,team pick
59220,132540,NAVI,14,NRG,12,team win,Lotus,opponent pick
59220,132541,NRG,13,NAVI,6,team win,Split,opponent pick
59220,132541,NAVI,6,NRG,13,opponent win,Split,opponent pick
59227,132560,DRX,5,EG,13,opponent win,Fracture,opponent pick
59227,132560,EG,13,DRX,5,team win,Fracture,team pick
59227,132561,DRX,9,EG,13,opponent win,Ascent,team pick
59227,132561,EG,13,DRX,9,team win,Ascent,opponent pick
59222,132545,NRG,11,T1,13,opponent win,Lotus,opponent pick
59222,132545,T1,13,NRG,11,team win,Lotus,team pick
59222,132546,NRG,13,T1,7,team win,Bind,team pick
59222,132546,T1,7,NRG,13,opponent win,Bind,opponent pick
59222,132547,NRG,13,T1,11,team win,Pearl,opponent pick
59222,132547,T1,11,NRG,13,opponent win,Pearl,opponent pick
59228,132563,ASE,13,FUT,8,team win,Haven,opponent pick
59228,132563,FUT,8,ASE,13,opponent win,Haven,team pick
59228,132564,ASE,5,FUT,13,opponent win,Ascent,team pick
59228,132564,FUT,13,ASE,5,team win,Ascent,opponent pick
59228,132565,ASE,6,FUT,13,opponent win,Lotus,opponent pick
59228,132565,FUT,13,ASE,6,team win,Lotus,opponent pick
59223,132548,NAVI,15,EDG,17,opponent win,Pearl,team pick
59223,132548,EDG,17,NAVI,15,team win,Pearl,opponent pick
59223,132549,NAVI,12,EDG,14,opponent win,Bind,opponent pick
59223,132549,EDG,14,NAVI,12,team win,Bind,team pick
59229,132566,DRX,9,FUT,13,opponent win,Bind,opponent pick
59229,132566,FUT,13,DRX,9,team win,Bind,team pick
59229,132567,DRX,13,FUT,8,team win,Fracture,team pick
59229,132567,FUT,8,DRX,13,opponent win,Fracture,opponent pick
59229,132568,DRX,13,FUT,4,team win,Haven,opponent pick
59229,132568,FUT,4,DRX,13,opponent win,Haven,opponent pick
59224,132551,T1,4,EDG,13,opponent win,Fracture,team pick
59224,132551,EDG,13,T1,4,team win,Fracture,opponent pick
59224,132552,T1,6,EDG,13,opponent win,Haven,opponent pick
59224,132552,EDG,13,T1,6,team win,Haven,team pick
59274,132701,LOUD,7,EG,13,opponent win,Fracture,opponent pick
59274,132701,EG,13,LOUD,7,team win,Fracture,team pick
59274,132702,LOUD,5,EG,13,opponent win,Ascent,team pick
59274,132702,EG,13,LOUD,5,team win,Ascent,opponent pick
59273,132698,TL,13,EDG,9,team win,Haven,opponent pick
59273,132698,EDG,9,TL,13,opponent win,Haven,team pick
59273,132699,TL,8,EDG,13,opponent win,Split,team pick
59273,132699,EDG,13,TL,8,team win,Split,opponent pick
59273,132700,TL,13,EDG,11,team win,Lotus,opponent pick
59273,132700,EDG,11,TL,13,opponent win,Lotus,opponent pick
59272,132695,FNC,13,NRG,9,team win,Fracture,team pick
59272,132695,NRG,9,FNC,13,opponent win,Fracture,opponent pick
59272,132696,FNC,13,NRG,4,team win,Bind,opponent pick
59272,132696,NRG,4,FNC,13,opponent win,Bind,team pick
59271,132692,PRX,13,DRX,10,team win,Split,opponent pick
59271,132692,DRX,10,PRX,13,opponent win,Split,team pick
59271,132693,PRX,13,DRX,10,team win,Bind,team pick
59271,132693,DRX,10,PRX,13,opponent win,Bind,opponent pick
59280,132721,EDG,13,LOUD,6,team win,Lotus,opponent pick
59280,132721,LOUD,6,EDG,13,opponent win,Lotus,team pick
59280,132722,EDG,13,LOUD,10,team win,Fracture,team pick
59280,132722,LOUD,10,EDG,13,opponent win,Fracture,opponent pick
59279,132718,DRX,11,NRG,13,opponent win,Pearl,team pick
59279,132718,NRG,13,DRX,11,team win,Pearl,opponent pick
59279,132719,DRX,5,NRG,13,opponent win,Haven,opponent pick
59279,132719,NRG,13,DRX,5,team win,Haven,team pick
59276,132707,TL,2,EG,13,opponent win,Fracture,opponent pick
59276,132707,EG,13,TL,2,team win,Fracture,team pick
59276,132708,TL,9,EG,13,opponent win,Haven,team pick
59276,132708,EG,13,TL,9,team win,Haven,opponent pick
59275,132704,PRX,5,FNC,13,opponent win,Lotus,opponent pick
59275,132704,FNC,13,PRX,5,team win,Lotus,team pick
59275,132705,PRX,7,FNC,13,opponent win,Bind,team pick
59275,132705,FNC,13,PRX,7,team win,Bind,opponent pick
59281,132724,TL,12,NRG,14,opponent win,Haven,opponent pick
59281,132724,NRG,14,TL,12,team win,Haven,team pick
59281,132725,TL,13,NRG,8,team win,Ascent,team pick
59281,132725,NRG,8,TL,13,opponent win,Ascent,opponent pick
59281,132726,TL,5,NRG,13,opponent win,Split,opponent pick
59281,132726,NRG,13,TL,5,team win,Split,opponent pick
59282,132727,PRX,14,EDG,12,team win,Fracture,opponent pick
59282,132727,EDG,12,PRX,14,opponent win,Fracture,team pick
59282,132728,PRX,9,EDG,13,opponent win,Split,team pick
59282,132728,EDG,13,PRX,9,team win,Split,opponent pick
59282,132729,PRX,13,EDG,8,team win,Lotus,opponent pick
59282,132729,EDG,8,PRX,13,opponent win,Lotus,opponent pick
59277,132710,FNC,13,EG,3,team win,Lotus,team pick
59277,132710,EG,3,FNC,13,opponent win,Lotus,opponent pick
59277,132711,FNC,9,EG,13,opponent win,Fracture,opponent pick
59277,132711,EG,13,FNC,9,team win,Fracture,team pick
59277,132712,FNC,13,EG,11,team win,Split,opponent pick
59277,132712,EG,11,FNC,13,opponent win,Split,opponent pick
59283,132730,NRG,13,PRX,15,opponent win,Pearl,team pick
59283,132730,PRX,15,NRG,13,team win,Pearl,opponent pick
59283,132731,NRG,13,PRX,6,team win,Lotus,opponent pick
59283,132731,PRX,6,NRG,13,opponent win,Lotus,team pick
59283,132732,NRG,11,PRX,13,opponent win,Bind,opponent pick
59283,132732,PRX,13,NRG,11,team win,Bind,opponent pick
59284,132733,EG,13,PRX,7,team win,Fracture,team pick
59284,132733,PRX,7,EG,13,opponent win,Fracture,opponent pick
59284,132734,EG,12,PRX,14,opponent win,Lotus,opponent pick
59284,132734,PRX,14,EG,12,team win,Lotus,team pick
59284,132735,EG,10,PRX,13,opponent win,Split,team pick
59284,132735,PRX,13,EG,10,team win,Split,opponent pick
59284,132736,EG,13,PRX,6,team win,Pearl,opponent pick
59284,132736,PRX,6,EG,13,opponent win,Pearl,team pick
59284,132737,EG,13,PRX,8,team win,Ascent,opponent pick
59284,132737,PRX,8,EG,13,opponent win,Ascent,opponent pick
59278,132713,FNC,13,EG,8,team win,Lotus,team pick
59278,132713,EG,8,FNC,13,opponent win,Lotus,opponent pick
59278,132714,FNC,13,EG,11,team win,Split,opponent pick
59278,132714,EG,11,FNC,13,opponent win,Split,team pick
59278,132715,FNC,14,EG,12,team win,Bind,team pick
59278,132715,EG,12,FNC,14,opponent win,Bind,opponent pick
60388,135648,TLN,13,DFM,7,team win,Fracture,opponent pick
60388,135648,DFM,7,TLN,13,opponent win,Fracture,team pick
60388,135649,TLN,13,DFM,8,team win,Ascent,team pick
60388,135649,DFM,8,TLN,13,opponent win,Ascent,opponent pick
60389,135651,RRQ,13,GE,10,team win,Split,opponent pick
60389,135651,GE,10,RRQ,13,opponent win,Split,team pick
60389,135652,RRQ,13,GE,10,team win,Ascent,team pick
60389,135652,GE,10,RRQ,13,opponent win,Ascent,opponent pick
60390,135654,GEN,11,TLN,13,opponent win,Pearl,opponent pick
60390,135654,TLN,13,GEN,11,team win,Pearl,team pick
60390,135655,GEN,13,TLN,10,team win,Split,team pick
60390,135655,TLN,10,GEN,13,opponent win,Split,opponent pick
60390,135656,GEN,15,TLN,13,team win,Haven,opponent pick
60390,135656,TLN,13,GEN,15,opponent win,Haven,opponent pick
60391,135657,ZETA,2,RRQ,13,opponent win,Haven,opponent pick
60391,135657,RRQ,13,ZETA,2,team win,Haven,team pick
60391,135658,ZETA,13,RRQ,8,team win,Split,team pick
60391,135658,RRQ,8,ZETA,13,opponent win,Split,opponent pick
60391,135659,ZETA,21,RRQ,19,team win,Ascent,opponent pick
60391,135659,RRQ,19,ZETA,21,opponent win,Ascent,opponent pick
60392,135660,TS,13,GEN,6,team win,Haven,team pick
60392,135660,GEN,6,TS,13,opponent win,Haven,opponent pick
60392,135661,TS,13,GEN,8,team win,Ascent,opponent pick
60392,135661,GEN,8,TS,13,opponent win,Ascent,team pick
60393,135663,ZETA,13,TS,9,team win,Lotus,opponent pick
60393,135663,TS,9,ZETA,13,opponent win,Lotus,team pick
60393,135664,ZETA,13,TS,7,team win,Fracture,team pick
60393,135664,TS,7,ZETA,13,opponent win,Fracture,opponent pick
60394,135666,RRQ,6,GEN,13,opponent win,Haven,team pick
60394,135666,GEN,13,RRQ,6,team win,Haven,opponent pick
60394,135667,RRQ,13,GEN,2,team win,Lotus,opponent pick
60394,135667,GEN,2,RRQ,13,opponent win,Lotus,team pick
60394,135668,RRQ,7,GEN,13,opponent win,Ascent,opponent pick
60394,135668,GEN,13,RRQ,7,team win,Ascent,opponent pick
60395,135669,TS,10,GEN,13,opponent win,Haven,team pick
60395,135669,GEN,13,TS,10,team win,Haven,opponent pick
60395,135670,TS,13,GEN,11,team win,Pearl,opponent pick
60395,135670,GEN,11,TS,13,opponent win,Pearl,team pick
60395,135671,TS,13,GEN,2,team win,Ascent,team pick
60395,135671,GEN,2,TS,13,opponent win,Ascent,opponent pick
60395,135672,TS,13,GEN,6,team win,Lotus,opponent pick
60395,135672,GEN,6,TS,13,opponent win,Lotus,team pick
60396,135674,ZETA,14,TS,12,team win,Fracture,team pick
60396,135674,TS,12,ZETA,14,opponent win,Fracture,opponent pick
60396,135675,ZETA,9,TS,13,opponent win,Ascent,opponent pick
60396,135675,TS,13,ZETA,9,team win,Ascent,team pick
60396,135676,ZETA,13,TS,7,team win,Split,team pick
60396,135676,TS,7,ZETA,13,opponent win,Split,opponent pick
60396,135677,ZETA,13,TS,6,team win,Lotus,opponent pick
60396,135677,TS,6,ZETA,13,opponent win,Lotus,team pick
60192,135070,TH,8,KOI,13,opponent win,Fracture,opponent pick
60192,135070,KOI,13,TH,8,team win,Fracture,team pick
60192,135071,TH,13,KOI,10,team win,Pearl,team pick
60192,135071,KOI,10,TH,13,opponent win,Pearl,opponent pick
60192,135072,TH,6,KOI,13,opponent win,Haven,opponent pick
60192,135072,KOI,13,TH,6,team win,Haven,opponent pick
60193,135073,BBL,14,KC,12,team win,Haven,team pick
60193,135073,KC,12,BBL,14,opponent win,Haven,opponent pick
60193,135074,BBL,9,KC,13,opponent win,Lotus,opponent pick
60193,135074,KC,13,BBL,9,team win,Lotus,team pick
60193,135075,BBL,12,KC,14,opponent win,Bind,opponent pick
60193,135075,KC,14,BBL,12,team win,Bind,opponent pick
60194,135076,NAVI,6,KOI,13,opponent win,Split,opponent pick
60194,135076,KOI,13,NAVI,6,team win,Split,team pick
60194,135077,NAVI,3,KOI,13,opponent win,Lotus,team pick
60194,135077,KOI,13,NAVI,3,team win,Lotus,opponent pick
60195,135079,GIA,13,KC,11,team win,Pearl,opponent pick
60195,135079,KC,11,GIA,13,opponent win,Pearl,team pick
60195,135080,GIA,13,KC,5,team win,Split,team pick
60195,135080,KC,5,GIA,13,opponent win,Split,opponent pick
60196,135082,KOI,12,GIA,14,opponent win,Haven,team pick
60196,135082,GIA,14,KOI,12,team win,Haven,opponent pick
60196,135083,KOI,5,GIA,13,opponent win,Pearl,opponent pick
60196,135083,GIA,13,KOI,5,team win,Pearl,team pick
60200,135096,NAVI,13,KC,6,team win,Lotus,opponent pick
60200,135096,KC,6,NAVI,13,opponent win,Lotus,team pick
60200,135097,NAVI,7,KC,13,opponent win,Ascent,team pick
60200,135097,KC,13,NAVI,7,team win,Ascent,opponent pick
60200,135098,NAVI,13,KC,7,team win,Pearl,opponent pick
60200,135098,KC,7,NAVI,13,opponent win,Pearl,opponent pick
60201,135099,KOI,12,NAVI,14,opponent win,Split,team pick
60201,135099,NAVI,14,KOI,12,team win,Split,opponent pick
60201,135100,KOI,10,NAVI,13,opponent win,Pearl,opponent pick
60201,135100,NAVI,13,KOI,10,team win,Pearl,team pick
60201,135101,KOI,9,NAVI,13,opponent win,Fracture,team pick
60201,135101,NAVI,13,KOI,9,team win,Fracture,opponent pick
60197,135085,GIA,13,NAVI,11,team win,Bind,team pick
60197,135085,NAVI,11,GIA,13,opponent win,Bind,opponent pick
60197,135086,GIA,13,NAVI,7,team win,Lotus,opponent pick
60197,135086,NAVI,7,GIA,13,opponent win,Lotus,team pick
60197,135087,GIA,13,NAVI,9,team win,Haven,team pick
60197,135087,NAVI,9,GIA,13,opponent win,Haven,opponent pick
59969,134548,MIBR,7,KRÜ,13,opponent win,Bind,opponent pick
59969,134548,KRÜ,13,MIBR,7,team win,Bind,team pick
59969,134549,MIBR,8,KRÜ,13,opponent win,Lotus,team pick
59969,134549,KRÜ,13,MIBR,8,team win,Lotus,opponent pick
59971,134554,FUR,14,KRÜ,12,team win,Split,opponent pick
59971,134554,KRÜ,12,FUR,14,opponent win,Split,team pick
59971,134555,FUR,4,KRÜ,13,opponent win,Ascent,team pick
59971,134555,KRÜ,13,FUR,4,team win,Ascent,opponent pick
59971,134556,FUR,11,KRÜ,13,opponent win,Bind,opponent pick
59971,134556,KRÜ,13,FUR,11,team win,Bind,opponent pick
59970,134551,SEN,12,100T,14,opponent win,Pearl,opponent pick
59970,134551,100T,14,SEN,12,team win,Pearl,team pick
59970,134552,SEN,13,100T,7,team win,Split,team pick
59970,134552,100T,7,SEN,13,opponent win,Split,opponent pick
59970,134553,SEN,13,100T,7,team win,Bind,opponent pick
59970,134553,100T,7,SEN,13,opponent win,Bind,opponent pick
59972,134557,C9,13,SEN,8,team win,Pearl,opponent pick
59972,134557,SEN,8,C9,13,opponent win,Pearl,team pick
59972,134558,C9,5,SEN,13,opponent win,Fracture,team pick
59972,134558,SEN,13,C9,5,team win,Fracture,opponent pick
59972,134559,C9,13,SEN,8,team win,Split,opponent pick
59972,134559,SEN,8,C9,13,opponent win,Split,opponent pick
59973,134560,LEV,5,KRÜ,13,opponent win,Split,opponent pick
59973,134560,KRÜ,13,LEV,5,team win,Split,team pick
59973,134561,LEV,7,KRÜ,13,opponent win,Lotus,team pick
59973,134561,KRÜ,13,LEV,7,team win,Lotus,opponent pick
59974,134563,C9,13,KRÜ,4,team win,Ascent,opponent pick
59974,134563,KRÜ,4,C9,13,opponent win,Ascent,team pick
59974,134564,C9,4,KRÜ,13,opponent win,Pearl,team pick
59974,134564,KRÜ,13,C9,4,team win,Pearl,opponent pick
59974,134565,C9,6,KRÜ,13,opponent win,Haven,opponent pick
59974,134565,KRÜ,13,C9,6,team win,Haven,opponent pick
59976,134571,SEN,8,LEV,13,opponent win,Fracture,opponent pick
59976,134571,LEV,13,SEN,8,team win,Fracture,team pick
59976,134572,SEN,4,LEV,13,opponent win,Split,team pick
59976,134572,LEV,13,SEN,4,team win,Split,opponent pick
59977,134574,C9,13,LEV,7,team win,Lotus,team pick
59977,134574,LEV,7,C9,13,opponent win,Lotus,opponent pick
59977,134575,C9,13,LEV,9,team win,Pearl,opponent pick
59977,134575,LEV,9,C9,13,opponent win,Pearl,team pick
59977,134576,C9,11,LEV,13,opponent win,Split,team pick
59977,134576,LEV,13,C9,11,team win,Split,opponent pick
59977,134577,C9,10,LEV,13,opponent win,Haven,opponent pick
59977,134577,LEV,13,C9,10,team win,Haven,team pick
59977,134578,C9,7,LEV,13,opponent win,Bind,opponent pick
59977,134578,LEV,13,C9,7,team win,Bind,opponent pick
59975,134566,KRÜ,13,LEV,5,team win,Split,team pick
59975,134566,LEV,5,KRÜ,13,opponent win,Split,opponent pick
59975,134567,KRÜ,8,LEV,13,opponent win,Pearl,opponent pick
59975,134567,LEV,13,KRÜ,8,team win,Pearl,team pick
59975,134568,KRÜ,13,LEV,6,team win,Ascent,team pick
59975,134568,LEV,6,KRÜ,13,opponent win,Ascent,opponent pick
59975,134569,KRÜ,13,LEV,10,team win,Lotus,opponent pick
59975,134569,LEV,10,KRÜ,13,opponent win,Lotus,team pick
61038,137395,TL,11,NAVI,13,opponent win,Fracture,opponent pick
61038,137395,NAVI,13,TL,11,team win,Fracture,team pick
61038,137396,TL,15,NAVI,17,opponent win,Bind,team pick
61038,137396,NAVI,17,TL,15,team win,Bind,opponent pick
61039,137398,DRX,13,LOUD,15,opponent win,Lotus,opponent pick
61039,137398,LOUD,15,DRX,13,team win,Lotus,team pick
61039,137399,DRX,13,LOUD,6,team win,Split,team pick
61039,137399,LOUD,6,DRX,13,opponent win,Split,opponent pick
61039,137400,DRX,13,LOUD,8,team win,Ascent,opponent pick
61039,137400,LOUD,8,DRX,13,opponent win,Ascent,opponent pick
61029,137368,FUT,13,T1,4,team win,Pearl,opponent pick
61029,137368,T1,4,FUT,13,opponent win,Pearl,team pick
61029,137369,FUT,13,T1,7,team win,Haven,team pick
61029,137369,T1,7,FUT,13,opponent win,Haven,opponent pick
61028,137365,EG,13,FPX,8,team win,Ascent,team pick
61028,137365,FPX,8,EG,13,opponent win,Ascent,opponent pick
61028,137366,EG,13,FPX,8,team win,Pearl,opponent pick
61028,137366,FPX,8,EG,13,opponent win,Pearl,team pick
61040,137401,NAVI,13,DRX,15,opponent win,Bind,team pick
61040,137401,DRX,15,NAVI,13,team win,Bind,opponent pick
61040,137402,NAVI,13,DRX,9,team win,Split,opponent pick
61040,137402,DRX,9,NAVI,13,opponent win,Split,team pick
61040,137403,NAVI,12,DRX,14,opponent win,Lotus,opponent pick
61040,137403,DRX,14,NAVI,12,team win,Lotus,opponent pick
61034,137383,NRG,12,BLG,14,opponent win,Lotus,opponent pick
61034,137383,BLG,14,NRG,12,team win,Lotus,team pick
61034,137384,NRG,8,BLG,13,opponent win,Split,team pick
61034,137384,BLG,13,NRG,8,team win,Split,opponent pick
61033,137380,FNC,13,ZETA,5,team win,Fracture,opponent pick
61033,137380,ZETA,5,FNC,13,opponent win,Fracture,team pick
61033,137381,FNC,13,ZETA,6,team win,Haven,team pick
61033,137381,ZETA,6,FNC,13,opponent win,Haven,opponent pick
61030,137371,EG,15,FUT,13,team win,Pearl,team pick
61030,137371,FUT,13,EG,15,opponent win,Pearl,opponent pick
61030,137372,EG,13,FUT,9,team win,Bind,opponent pick
61030,137372,FUT,9,EG,13,opponent win,Bind,team pick
61023,137350,PRX,13,KRÜ,7,team win,Split,opponent pick
61023,137350,KRÜ,7,PRX,13,opponent win,Split,team pick
61023,137351,PRX,13,KRÜ,8,team win,Pearl,team pick
61023,137351,KRÜ,8,PRX,13,opponent win,Pearl,opponent pick
61024,137353,EDG,13,GIA,15,opponent win,Split,opponent pick
61024,137353,GIA,15,EDG,13,team win,Split,team pick
61024,137354,EDG,13,GIA,11,team win,Bind,team pick
61024,137354,GIA,11,EDG,13,opponent win,Bind,opponent pick
61024,137355,EDG,13,GIA,8,team win,Ascent,opponent pick
61024,137355,GIA,8,EDG,13,opponent win,Ascent,opponent pick
61035,137386,FNC,13,BLG,2,team win,Haven,opponent pick
61035,137386,BLG,2,FNC,13,opponent win,Haven,team pick
61035,137387,FNC,13,BLG,8,team win,Lotus,team pick
61035,137387,BLG,8,FNC,13,opponent win,Lotus,opponent pick
61041,137404,TL,2,LOUD,13,opponent win,Haven,opponent pick
61041,137404,LOUD,13,TL,2,team win,Haven,team pick
61041,137405,TL,8,LOUD,13,opponent win,Split,team pick
61041,137405,LOUD,13,TL,8,team win,Split,opponent pick
61031,137374,FPX,10,T1,13,opponent win,Lotus,team pick
61031,137374,T1,13,FPX,10,team win,Lotus,opponent pick
61031,137375,FPX,7,T1,13,opponent win,Bind,opponent pick
61031,137375,T1,13,FPX,7,team win,Bind,team pick
61025,137356,PRX,13,EDG,7,team win,Fracture,opponent pick
61025,137356,EDG,7,PRX,13,opponent win,Fracture,team pick
61025,137357,PRX,16,EDG,14,team win,Pearl,team pick
61025,137357,EDG,14,PRX,16,opponent win,Pearl,opponent pick
61026,137359,KRÜ,10,GIA,13,opponent win,Lotus,team pick
61026,137359,GIA,13,KRÜ,10,team win,Lotus,opponent pick
61026,137360,KRÜ,12,GIA,14,opponent win,Pearl,opponent pick
61026,137360,GIA,14,KRÜ,12,team win,Pearl,team pick
61036,137389,ZETA,13,NRG,15,opponent win,Bind,team pick
61036,137389,NRG,15,ZETA,13,team win,Bind,opponent pick
61036,137390,ZETA,1,NRG,13,opponent win,Haven,opponent pick
61036,137390,NRG,13,ZETA,1,team win,Haven,team pick
61042,137407,NAVI,13,LOUD,11,team win,Pearl,team pick
61042,137407,LOUD,11,NAVI,13,opponent win,Pearl,opponent pick
61042,137408,NAVI,11,LOUD,13,opponent win,Ascent,opponent pick
61042,137408,LOUD,13,NAVI,11,team win,Ascent,team pick
61042,137409,NAVI,11,LOUD,13,opponent win,Bind,opponent pick
61042,137409,LOUD,13,NAVI,11,team win,Bind,opponent pick
61032,137377,FUT,13,T1,10,team win,Bind,opponent pick
61032,137377,T1,10,FUT,13,opponent win,Bind,team pick
61032,137378,FUT,14,T1,12,team win,Pearl,team pick
61032,137378,T1,12,FUT,14,opponent win,Pearl,opponent pick
61027,137362,EDG,13,GIA,6,team win,Split,opponent pick
61027,137362,GIA,6,EDG,13,opponent win,Split,team pick
61027,137363,EDG,13,GIA,7,team win,Fracture,team pick
61027,137363,GIA,7,EDG,13,opponent win,Fracture,opponent pick
61037,137392,BLG,13,NRG,10,team win,Bind,opponent pick
61037,137392,NRG,10,BLG,13,opponent win,Bind,team pick
61037,137393,BLG,13,NRG,5,team win,Ascent,team pick
61037,137393,NRG,5,BLG,13,opponent win,Ascent,opponent pick
61185,137618,FNC,11,LOUD,13,opponent win,Ascent,opponent pick
61185,137618,LOUD,13,FNC,11,team win,Ascent,team pick
61185,137619,FNC,6,LOUD,13,opponent win,Lotus,team pick
61185,137619,LOUD,13,FNC,6,team win,Lotus,opponent pick
61186,137621,PRX,13,FUT,10,team win,Ascent,opponent pick
61186,137621,FUT,10,PRX,13,opponent win,Ascent,team pick
61186,137622,PRX,13,FUT,4,team win,Pearl,team pick
61186,137622,FUT,4,PRX,13,opponent win,Pearl,opponent pick
61187,137624,DRX,13,BLG,10,team win,Lotus,opponent pick
61187,137624,BLG,10,DRX,13,opponent win,Lotus,team pick
61187,137625,DRX,13,BLG,9,team win,Haven,team pick
61187,137625,BLG,9,DRX,13,opponent win,Haven,opponent pick
61188,137627,EG,12,EDG,14,opponent win,Split,opponent pick
61188,137627,EDG,14,EG,12,team win,Split,team pick
61188,137628,EG,13,EDG,5,team win,Ascent,team pick
61188,137628,EDG,5,EG,13,opponent win,Ascent,opponent pick
61188,137629,EG,13,EDG,5,team win,Pearl,opponent pick
61188,137629,EDG,5,EG,13,opponent win,Pearl,opponent pick
61193,137644,FNC,13,FUT,5,team win,Split,team pick
61193,137644,FUT,5,FNC,13,opponent win,Split,opponent pick
61193,137645,FNC,13,FUT,9,team win,Haven,opponent pick
61193,137645,FUT,9,FNC,13,opponent win,Haven,team pick
61194,137647,BLG,4,EDG,13,opponent win,Bind,team pick
61194,137647,EDG,13,BLG,4,team win,Bind,opponent pick
61194,137648,BLG,15,EDG,13,team win,Split,opponent pick
61194,137648,EDG,13,BLG,15,opponent win,Split,team pick
61194,137649,BLG,10,EDG,13,opponent win,Haven,opponent pick
61194,137649,EDG,13,BLG,10,team win,Haven,opponent pick
61189,137630,LOUD,13,PRX,15,opponent win,Lotus,team pick
61189,137630,PRX,15,LOUD,13,team win,Lotus,opponent pick
61189,137631,LOUD,13,PRX,2,team win,Split,opponent pick
61189,137631,PRX,2,LOUD,13,opponent win,Split,team pick
61189,137632,LOUD,10,PRX,13,opponent win,Pearl,opponent pick
61189,137632,PRX,13,LOUD,10,team win,Pearl,opponent pick
61190,137633,DRX,9,EG,13,opponent win,Fracture,opponent pick
61190,137633,EG,13,DRX,9,team win,Fracture,team pick
61190,137634,DRX,4,EG,13,opponent win,Lotus,team pick
61190,137634,EG,13,DRX,4,team win,Lotus,opponent pick
61196,137653,LOUD,11,EDG,13,opponent win,Bind,opponent pick
61196,137653,EDG,13,LOUD,11,team win,Bind,team pick
61196,137654,LOUD,13,EDG,5,team win,Ascent,team pick
61196,137654,EDG,5,LOUD,13,opponent win,Ascent,opponent pick
61196,137655,LOUD,13,EDG,11,team win,Haven,opponent pick
61196,137655,EDG,11,LOUD,13,opponent win,Haven,opponent pick
61195,137650,DRX,13,FNC,1,team win,Bind,opponent pick
61195,137650,FNC,1,DRX,13,opponent win,Bind,team pick
61195,137651,DRX,9,FNC,13,opponent win,Haven,team pick
61195,137651,FNC,13,DRX,9,team win,Haven,opponent pick
61195,137652,DRX,6,FNC,13,opponent win,Split,opponent pick
61195,137652,FNC,13,DRX,6,team win,Split,opponent pick
61191,137636,PRX,10,EG,13,opponent win,Ascent,opponent pick
61191,137636,EG,13,PRX,10,team win,Ascent,team pick
61191,137637,PRX,13,EG,9,team win,Bind,team pick
61191,137637,EG,9,PRX,13,opponent win,Bind,opponent pick
61191,137638,PRX,15,EG,13,team win,Pearl,opponent pick
61191,137638,EG,13,PRX,15,opponent win,Pearl,opponent pick
61197,137656,FNC,4,LOUD,13,opponent win,Split,team pick
61197,137656,LOUD,13,FNC,4,team win,Split,opponent pick
61197,137657,FNC,13,LOUD,9,team win,Ascent,opponent pick
61197,137657,LOUD,9,FNC,13,opponent win,Ascent,team pick
61197,137658,FNC,7,LOUD,13,opponent win,Haven,opponent pick
61197,137658,LOUD,13,FNC,7,team win,Haven,opponent pick
61198,137659,EG,14,LOUD,12,team win,Ascent,team pick
61198,137659,LOUD,12,EG,14,opponent win,Ascent,opponent pick
61198,137660,EG,13,LOUD,4,team win,Lotus,opponent pick
61198,137660,LOUD,4,EG,13,opponent win,Lotus,team pick
61198,137661,EG,8,LOUD,13,opponent win,Pearl,team pick
61198,137661,LOUD,13,EG,8,team win,Pearl,opponent pick
61198,137662,EG,7,LOUD,13,opponent win,Split,opponent pick
61198,137662,LOUD,13,EG,7,team win,Split,team pick
61198,137663,EG,13,LOUD,8,team win,Bind,opponent pick
61198,137663,LOUD,8,EG,13,opponent win,Bind,opponent pick
61192,137639,PRX,10,EG,13,opponent win,Split,team pick
61192,137639,EG,13,PRX,10,team win,Split,opponent pick
61192,137640,PRX,13,EG,11,team win,Ascent,opponent pick
61192,137640,EG,11,PRX,13,opponent win,Ascent,team pick
61192,137641,PRX,5,EG,13,opponent win,Bind,team pick
61192,137641,EG,13,PRX,5,team win,Bind,opponent pick
61192,137642,PRX,10,EG,13,opponent win,Lotus,opponent pick
61192,137642,EG,13,PRX,10,team win,Lotus,team pick